file_names,adult,all_families_table_#,annual_self-sufficiency_wage,broadband_&_cell_phone,child_care,child_care_costs,child_care_tax_credit,child_tax_credit,county,county1,earned_income_tax_credit,emergency_savings,famcode,family_type,federal_&_oregon_eitc,federal_cdctc,federal_child_tax_credit,federal_income_taxes,food,food_costs,health_care,health_care__costs,health_care_costs,hourly_self-sufficiency_wage,housing,housing_costs,id,infant,miscellaneous,miscellaneous_costs,monthly_self-sufficiency_wage,oregon_wfhdc,other_necessities,out-of-pocket,payroll_taxes,premium,preschooler,preshooler,release_year,schoolager,state,state1,state_income_taxes,state_name,state_sales_taxes,status,taxes,teenager,total_annual_resources,town,transportation,transportation_costs,working_family_household_and_dependent_care_credit,year
AL2020_SSS_Full.xlsx,1,1,1,0,0,1,1,1,1,0,1,1,0,1,0,0,0,0,0,1,0,0,1,1,0,1,0,1,0,1,1,0,0,0,0,0,1,0,0,1,1,0,0,0,0,1,1,1,0,0,0,1,0,1
AR2022_SSS_Full.xlsx,1,1,1,1,0,1,1,1,1,0,1,1,0,1,0,0,0,0,0,1,0,0,1,1,0,1,0,1,0,1,1,0,1,0,0,0,1,0,0,1,1,0,0,0,0,1,1,1,0,0,0,1,0,1
AZ2018_SSS_Full.xlsx,1,0,1,0,1,0,1,1,0,1,1,1,1,0,0,0,0,0,1,0,1,0,0,1,1,0,1,1,1,0,1,0,0,0,0,0,1,0,1,1,0,1,0,1,0,1,1,1,0,0,1,0,0,0
AZ2019_SSS_Partial.xlsx,1,1,1,0,0,1,1,1,1,0,1,1,0,1,0,0,0,0,0,1,0,0,1,1,0,1,0,1,0,1,1,0,0,0,0,0,0,1,0,1,1,0,0,0,0,1,1,1,0,0,0,1,0,1
AZ2020_SSS_Partial.xlsx,1,1,1,0,0,1,1,1,1,0,1,1,0,1,0,0,0,0,0,1,0,0,1,1,0,1,0,1,0,1,1,0,0,0,0,0,0,1,0,1,1,0,0,0,0,1,1,1,0,0,0,1,0,1
AZ2021_SSS_Full.xlsb,1,1,1,0,0,1,1,1,1,0,1,1,0,1,0,0,0,0,0,1,0,0,1,1,0,1,0,1,0,1,1,0,0,0,0,0,1,0,0,1,1,0,0,0,0,1,1,1,0,0,0,1,0,1
AZ2022_SSS_Full.xlsx,1,1,1,1,0,1,1,1,1,0,1,1,0,1,0,0,0,0,0,1,0,0,1,1,0,1,0,1,0,1,1,0,1,0,0,0,1,0,0,1,1,0,0,0,0,1,1,1,0,0,0,1,0,1
CA2018_SSS_Full.xlsx,1,1,1,0,0,1,1,1,1,0,1,1,0,1,0,0,0,0,0,1,0,0,1,1,0,1,0,1,0,1,1,0,0,0,0,0,0,1,0,1,1,0,0,0,0,1,1,1,0,0,0,1,0,1
CA2019_SSS_Partial.xlsx,1,1,1,0,0,1,1,1,1,0,1,1,0,1,0,0,0,0,0,1,0,0,1,1,0,1,0,1,0,1,1,0,0,0,0,0,0,1,0,1,1,0,0,0,0,1,1,1,0,0,0,1,0,1
CA2020_SSS_Partial.xlsb,1,1,1,0,0,1,1,1,1,0,1,1,0,1,0,0,0,0,0,1,0,0,1,1,0,1,0,1,0,1,1,0,0,0,0,0,0,1,0,1,1,0,0,0,0,1,1,1,0,0,0,1,0,1
CA2021_SSS_Full.xlsb,1,1,1,0,0,1,1,1,1,0,1,1,0,1,0,0,0,0,0,1,0,0,1,1,0,1,0,1,0,1,1,0,0,0,0,0,0,1,0,1,1,0,0,0,0,1,1,1,0,0,0,1,0,1
CA2022_SSS_Partial.xlsx,1,1,1,0,0,1,1,1,1,0,1,1,0,1,0,0,0,0,0,1,0,0,1,1,0,1,0,1,0,1,1,0,0,0,0,0,1,0,0,1,1,0,0,0,0,1,1,1,0,0,0,1,0,1
CO2018_SSS_Full.xlsx,1,1,1,0,0,1,1,1,1,0,1,1,0,1,0,0,0,0,0,1,0,0,1,1,0,1,0,1,0,1,1,0,0,0,0,0,1,0,0,1,1,0,0,0,0,1,1,1,0,0,0,1,0,1
CO2019_SSS_Partial.xlsx,1,1,1,0,0,1,1,1,1,0,1,1,0,1,0,0,0,0,0,1,0,0,1,1,0,1,0,1,0,1,1,0,0,0,0,0,0,1,0,1,1,0,0,0,0,1,1,1,0,0,0,1,0,1
CO2020_SSS_Partial.xlsb,1,1,1,0,0,1,1,1,1,0,1,1,0,1,0,0,0,0,0,1,0,0,1,1,0,1,0,1,0,1,1,0,0,0,0,0,0,1,0,1,1,0,0,0,0,1,1,1,0,0,0,1,0,1
CO2021_SSS_Full.xlsb,1,1,1,0,0,1,1,1,1,0,1,1,0,1,0,0,0,0,0,1,0,0,1,1,0,1,0,1,0,1,1,0,0,0,0,0,1,0,0,1,1,0,0,0,0,1,1,1,0,0,0,1,0,1
CO2022_SSS_Full.xlsx,1,1,1,1,0,1,1,1,1,0,1,1,0,1,0,0,0,0,0,1,0,0,1,1,0,1,0,1,0,1,1,0,1,0,0,0,1,0,0,1,1,0,0,0,0,1,1,1,0,0,0,1,0,1
CT2018_SSS_Partial.xlsx,1,0,1,0,1,0,1,1,0,1,1,1,1,0,0,0,0,0,1,0,1,0,0,1,1,0,1,1,1,0,1,0,0,0,0,0,1,0,1,1,0,1,0,1,0,1,1,1,0,0,1,0,0,0
CT2019_SSS_Full.xlsx,1,1,1,0,0,1,1,1,0,0,1,1,0,1,0,0,0,0,0,1,0,0,1,1,0,1,0,1,0,1,1,0,0,0,0,0,1,0,0,1,1,0,0,0,0,1,1,1,0,1,0,1,0,1
CT2020_SSS_Partial.xlsb,1,1,1,0,0,1,1,1,1,0,1,1,0,1,0,0,0,0,0,1,0,0,1,1,0,1,0,1,0,1,1,0,0,0,0,0,0,1,0,1,1,0,0,0,0,1,1,1,0,0,0,1,0,1
CT2021_SSS_Partial.xlsb,1,1,1,0,0,1,1,1,1,0,1,1,0,1,0,0,0,0,0,1,0,0,1,1,0,1,0,1,0,1,1,0,0,0,0,0,0,1,0,1,1,0,0,0,0,1,1,1,0,0,0,1,0,1
CT2022_SSS_Full.xlsx,1,1,1,1,0,1,1,1,1,0,1,1,0,1,0,0,0,0,0,1,0,0,1,1,0,1,0,1,0,1,1,0,1,0,0,0,1,0,0,1,1,0,0,0,0,1,1,1,0,0,0,1,0,1
FL2018_SSS_Full.xlsx,1,0,1,0,1,0,1,1,0,1,1,1,1,0,0,0,0,0,1,0,1,0,0,1,1,0,1,1,1,0,1,0,0,0,0,0,1,0,1,1,0,1,0,1,0,1,1,1,0,0,1,0,0,0
FL2019_SSS_Partial.xlsx,1,1,1,0,0,1,1,1,1,0,1,1,0,1,0,0,0,0,0,1,0,0,1,1,0,1,0,1,0,1,1,0,0,0,0,0,0,1,0,1,1,0,0,0,0,1,1,1,0,0,0,1,0,1
FL2020_SSS_Partial.xlsb,1,1,1,0,0,1,1,1,1,0,1,1,0,1,0,0,0,0,0,1,0,0,1,1,0,1,0,1,0,1,1,0,0,0,0,0,0,1,0,1,1,0,0,0,0,1,1,1,0,0,0,1,0,1
FL2021_SSS_Full.xlsb,1,1,1,0,0,1,1,1,1,0,1,1,0,1,0,0,0,0,0,1,0,0,1,1,0,1,0,1,0,1,1,0,0,0,0,0,0,1,0,1,1,0,0,0,0,1,1,1,0,0,0,1,0,1
FL2022_SSS_Partial.xlsx,1,1,1,0,0,1,1,1,1,0,1,1,0,1,0,0,0,0,0,1,0,0,1,1,0,1,0,1,0,1,1,0,0,0,0,0,1,0,0,1,1,0,0,0,0,1,1,1,0,0,0,1,0,1
GA2018_SSS_Full.xlsx,1,1,1,0,0,1,1,1,1,0,1,1,0,1,0,0,0,0,0,1,0,0,1,1,0,1,0,1,0,1,1,0,0,0,0,0,1,0,0,1,1,0,0,0,0,1,1,1,0,0,0,1,0,1
GA2019_SSS_Partial.xlsx,1,1,1,0,0,1,1,1,1,0,1,1,0,1,0,0,0,0,0,1,0,0,1,1,0,1,0,1,0,1,1,0,0,0,0,0,0,1,0,1,1,0,0,0,0,1,1,1,0,0,0,1,0,1
GA2020_SSS_Partial.xlsb,1,1,1,0,0,1,1,1,1,0,1,1,0,1,0,0,0,0,0,1,0,0,1,1,0,1,0,1,0,1,1,0,0,0,0,0,0,1,0,1,1,0,0,0,0,1,1,1,0,0,0,1,0,1
GA2021_SSS_Full.xlsb,1,1,1,0,0,1,1,1,1,0,1,1,0,1,0,0,0,0,0,1,0,0,1,1,0,1,0,1,0,1,1,0,0,0,0,0,0,1,0,1,1,0,0,0,0,1,1,1,0,0,0,1,0,1
GA2022_SSS_Partial.xlsx,1,1,1,1,0,1,1,1,1,0,1,1,0,1,0,0,0,0,0,1,0,0,1,1,0,1,0,1,0,1,1,0,1,0,0,0,1,0,0,1,1,0,0,0,0,1,1,1,0,0,0,1,0,1
HI2020_SSS_Full.xlsb,1,1,1,0,0,1,1,1,1,0,1,1,0,1,0,0,0,0,0,1,0,0,1,1,0,1,0,1,0,1,1,0,0,0,0,0,1,0,0,1,1,0,0,0,0,1,1,1,0,0,0,1,0,1
IL2018_SSS_Full.xlsx,1,0,1,0,1,0,1,1,0,1,1,1,1,0,0,0,0,0,1,0,1,0,0,1,1,0,1,1,1,0,1,0,0,0,0,0,1,0,1,1,0,1,0,1,0,1,1,1,0,0,1,0,0,0
IL2019_SSS_Partial.xlsx,1,1,1,0,0,1,1,1,1,0,1,1,0,1,0,0,0,0,0,1,0,0,1,1,0,1,0,1,0,1,1,0,0,0,0,0,0,1,0,1,1,0,0,0,0,1,1,1,0,0,0,1,0,1
IL2020_SSS_Partial.xlsb,1,1,1,0,0,1,1,1,1,0,1,1,0,1,0,0,0,0,0,1,0,0,1,1,0,1,0,1,0,1,1,0,0,0,0,0,0,1,0,1,1,0,0,0,0,1,1,1,0,0,0,1,0,1
IL2021_SSS_Full.xlsx,1,1,1,0,0,1,1,1,1,0,1,1,0,1,0,0,0,0,0,1,0,0,1,1,0,1,0,1,0,1,1,0,0,0,0,0,0,1,0,1,1,0,0,0,0,1,1,1,0,0,0,1,0,1
IL2022_SSS_Partial.xlsx,1,1,1,0,0,1,1,1,1,0,1,1,0,1,0,0,0,0,0,1,0,0,1,1,0,1,0,1,0,1,1,0,0,0,0,0,0,1,0,1,1,0,0,0,0,1,1,1,0,0,0,1,0,1
IN2018_SSS_Partial.xlsx,1,0,1,0,1,0,1,1,0,1,1,1,1,0,0,0,0,0,1,0,1,0,0,1,1,0,1,1,1,0,1,0,0,0,0,0,1,0,1,1,0,1,0,1,0,1,1,1,0,0,1,0,0,0
IN2019_SSS_Full.xlsb,1,1,1,0,0,1,1,1,1,0,1,1,0,1,0,0,0,0,0,1,0,0,1,1,0,1,0,1,0,1,1,0,0,0,0,0,1,0,0,1,1,0,0,0,0,1,1,1,0,0,0,1,0,1
IN2020_SSS_Partial.xlsb,1,1,1,0,0,1,1,1,1,0,1,1,0,1,0,0,0,0,0,1,0,0,1,1,0,1,0,1,0,1,1,0,0,0,0,0,0,1,0,1,1,0,0,0,0,1,1,1,0,0,0,1,0,1
IN2021_SSS_Partial.xlsb,1,1,1,0,0,1,1,1,1,0,1,1,0,1,0,0,0,0,0,1,0,0,1,1,0,1,0,1,0,1,1,0,0,0,0,0,0,1,0,1,1,0,0,0,0,1,1,1,0,0,0,1,0,1
IN2022_SSS_Full.xlsx,1,1,1,1,0,1,1,1,1,0,1,1,0,1,0,0,0,0,0,1,0,0,1,1,0,1,0,1,0,1,1,0,1,0,0,0,1,0,0,1,1,0,0,0,0,1,1,1,0,0,0,1,0,1
KS2018_SSS_Full.xlsx,1,0,1,0,1,0,1,1,0,1,1,1,1,0,0,0,0,0,1,0,1,0,0,1,1,0,1,1,1,0,1,0,0,0,0,0,1,0,1,1,0,1,0,1,0,1,1,1,0,0,1,0,0,0
KS2019_SSS_Partial.xlsb,1,1,1,0,0,1,1,1,1,0,1,1,0,1,0,0,0,0,0,1,0,0,1,1,0,1,0,1,0,1,1,0,0,0,0,0,0,1,0,1,1,0,0,0,0,1,1,1,0,0,0,1,0,1
KS2020_SSS_Partial.xlsb,1,1,1,0,0,1,1,1,1,0,1,1,0,1,0,0,0,0,0,1,0,0,1,1,0,1,0,1,0,1,1,0,0,0,0,0,0,1,0,1,1,0,0,0,0,1,1,1,0,0,0,1,0,1
KS2021_SSS_Full.xlsx,1,1,1,0,0,1,1,1,1,0,1,1,0,1,0,0,0,0,0,1,0,0,1,1,0,1,0,1,0,1,1,0,0,0,0,0,0,1,0,1,1,0,0,0,0,1,1,1,0,0,0,1,0,1
KS2022_SSS_Partial.xlsx,1,1,1,0,0,1,1,1,1,0,1,1,0,1,0,0,0,0,0,1,0,0,1,1,0,1,0,1,0,1,1,0,0,0,0,0,1,0,0,1,1,0,0,0,0,1,1,1,0,0,0,1,0,1
MA2019_SSS_Partial.xlsb,1,1,1,0,0,1,1,1,1,0,1,1,0,1,0,0,0,0,0,1,0,0,1,1,0,1,0,1,0,1,1,0,0,0,0,0,1,0,0,1,1,0,0,0,0,1,1,1,0,0,0,1,0,1
MA2020_SSS_Partial.xlsb,1,1,1,0,0,1,1,1,1,0,1,1,0,1,0,0,0,0,0,1,0,0,1,1,0,1,0,1,0,1,1,0,0,0,0,0,0,1,0,1,1,0,0,0,0,1,1,1,0,0,0,1,0,1
MA2021_SSS_Full.xlsx,1,1,1,0,0,1,1,1,1,0,1,1,0,1,0,0,0,0,0,1,0,0,1,1,0,1,0,1,0,1,1,0,0,0,0,0,0,1,0,1,1,0,0,0,0,1,1,1,0,0,0,1,0,1
MA2022_SSS_Partial.xlsx,1,1,1,0,0,1,1,1,1,0,1,1,0,1,0,0,0,0,0,1,0,0,1,1,0,1,0,1,0,1,1,0,0,0,0,0,0,1,0,1,1,0,0,0,0,1,1,1,0,0,0,1,0,1
MD2018_SSS_Partial.xlsx,1,0,1,0,1,0,1,1,0,1,1,1,1,0,0,0,0,0,1,0,1,0,0,1,1,0,1,1,1,0,1,0,0,0,0,0,1,0,1,1,0,1,0,1,0,1,1,1,0,0,1,0,0,0
MD2019_SSS_Full.xlsb,1,1,1,0,0,1,1,1,1,0,1,1,0,1,0,0,0,0,0,1,0,0,1,1,0,1,0,1,0,1,1,0,0,0,0,0,1,0,0,1,1,0,0,0,0,1,1,1,0,0,0,1,0,1
MD2020_SSS_Partial.xlsb,1,1,1,0,0,1,1,1,1,0,1,1,0,1,0,0,0,0,0,1,0,0,1,1,0,1,0,1,0,1,1,0,0,0,0,0,0,1,0,1,1,0,0,0,0,1,1,1,0,0,0,1,0,1
MD2021_SSS_Partial.xlsb,1,1,1,0,0,1,1,1,1,0,1,1,0,1,0,0,0,0,0,1,0,0,1,1,0,1,0,1,0,1,1,0,0,0,0,0,0,1,0,1,1,0,0,0,0,1,1,1,0,0,0,1,0,1
MD2022_SSS_Full.xlsx,1,1,1,1,0,1,1,1,1,0,1,1,0,1,0,0,0,0,0,1,0,0,1,1,0,1,0,1,0,1,1,0,1,0,0,0,1,0,0,1,1,0,0,0,0,1,1,1,0,0,0,1,0,1
MI2017_SSS_Full.xlsb,1,1,1,0,0,1,1,1,1,0,1,1,0,1,0,0,0,0,0,1,0,0,1,1,0,1,0,1,0,1,1,0,0,0,0,0,0,1,0,1,1,0,0,0,0,1,1,1,0,0,0,1,0,1
MI2018_SSS_Partial.xlsx,1,0,1,0,1,0,1,1,0,1,1,1,1,0,0,0,0,0,1,0,1,0,0,1,1,0,1,1,1,0,1,0,0,0,0,0,1,0,1,1,0,1,0,1,0,1,1,1,0,0,1,0,0,0
MI2019_SSS_Partial.xlsb,1,1,1,0,0,1,1,1,1,0,1,1,0,1,0,0,0,0,0,1,0,0,1,1,0,1,0,1,0,1,1,0,0,0,0,0,0,1,0,1,1,0,0,0,0,1,1,1,0,0,0,1,0,1
MI2020_SSS_Full.xlsx,1,1,1,0,0,1,1,1,1,0,1,1,0,1,0,0,0,0,0,1,0,0,1,1,0,1,0,1,0,1,1,0,0,0,0,0,0,1,0,1,1,0,0,0,0,1,1,1,0,0,0,1,0,1
MI2021_SSS_Partial.xlsb,1,1,1,0,0,1,1,1,1,0,1,1,0,1,0,0,0,0,0,1,0,0,1,1,0,1,0,1,0,1,1,0,0,0,0,0,0,1,0,1,1,0,0,0,0,1,1,1,0,0,0,1,0,1
MI2022_SSS_Partial.xlsx,1,1,1,0,0,1,1,1,1,0,1,1,0,1,0,0,0,0,0,1,0,0,1,1,0,1,0,1,0,1,1,0,0,0,0,0,1,0,0,1,1,0,0,0,0,1,1,1,0,0,0,1,0,1
MN2018_SSS_Full.xlsx,1,0,1,0,1,0,1,1,0,1,1,1,1,0,0,0,0,0,1,0,1,0,0,1,1,0,1,1,1,0,1,0,0,0,0,0,1,0,1,1,0,1,0,1,0,1,1,1,0,0,1,0,0,0
MN2019_SSS_Partial.xlsb,1,1,1,0,0,1,1,1,1,0,1,1,0,1,0,0,0,0,0,1,0,0,1,1,0,1,0,1,0,1,1,0,0,0,0,0,0,1,0,1,1,0,0,0,0,1,1,1,0,0,0,1,0,1
MN2020_SSS_Partial.xlsb,1,1,1,0,0,1,1,1,1,0,1,1,0,1,0,0,0,0,0,1,0,0,1,1,0,1,0,1,0,1,1,0,0,0,0,0,0,1,0,1,1,0,0,0,0,1,1,1,0,0,0,1,0,1
MN2021_SSS_Full.xlsb,1,1,1,0,0,1,1,1,1,0,1,1,0,1,0,0,0,0,0,1,0,0,1,1,0,1,0,1,0,1,1,0,0,0,0,0,0,1,0,1,1,0,0,0,0,1,1,1,0,0,0,1,0,1
MN2022_SSS_Partial.xlsx,1,1,1,0,0,1,1,1,1,0,1,1,0,1,0,0,0,0,0,1,0,0,1,1,0,1,0,1,0,1,1,0,0,0,0,0,1,0,0,1,1,0,0,0,0,1,1,1,0,0,0,1,0,1
MO2018_SSS_Full.xlsx,1,0,1,0,1,0,1,1,0,1,1,1,1,0,0,0,0,0,1,0,1,0,0,1,1,0,1,1,1,0,1,0,0,0,0,0,1,0,1,1,0,1,0,1,0,1,1,1,0,0,1,0,0,0
MO2019_SSS_Partial.xlsb,1,1,1,0,0,1,1,1,1,0,1,1,0,1,0,0,0,0,0,1,0,0,1,1,0,1,0,1,0,1,1,0,0,0,0,0,0,1,0,1,1,0,0,0,0,1,1,1,0,0,0,1,0,1
MO2020_SSS_Partial.xlsb,1,1,1,0,0,1,1,1,1,0,1,1,0,1,0,0,0,0,0,1,0,0,1,1,0,1,0,1,0,1,1,0,0,0,0,0,0,1,0,1,1,0,0,0,0,1,1,1,0,0,0,1,0,1
MO2021_SSS_Full.xlsb,1,1,1,0,0,1,1,1,1,0,1,1,0,1,0,0,0,0,0,1,0,0,1,1,0,1,0,1,0,1,1,0,0,0,0,0,1,0,0,1,1,0,0,0,0,1,1,1,0,0,0,1,0,1
MO2022_SSS_Partial.xlsx,1,1,1,0,0,1,1,1,1,0,1,1,0,1,0,0,0,0,0,1,0,0,1,1,0,1,0,1,0,1,1,0,0,0,0,0,0,1,0,1,1,0,0,0,0,1,1,1,0,0,0,1,0,1
NC2017_SSS_Full.xlsb,1,1,1,0,0,1,1,1,1,0,1,1,0,1,0,0,0,0,0,1,0,0,1,1,0,1,0,1,0,1,1,0,0,0,0,0,0,1,0,1,1,0,0,0,0,1,1,1,0,0,0,1,0,1
NC2018_SSS_Partial.xlsx,1,0,1,0,1,0,1,1,0,1,1,1,1,0,0,0,0,0,1,0,1,0,0,1,1,0,1,1,1,0,1,0,0,0,0,0,1,0,1,1,0,1,0,1,0,1,1,1,0,0,1,0,0,0
NC2019_SSS_Partial.xlsb,1,1,1,0,0,1,1,1,1,0,1,1,0,1,0,0,0,0,0,1,0,0,1,1,0,1,0,1,0,1,1,0,0,0,0,0,0,1,0,1,1,0,0,0,0,1,1,1,0,0,0,1,0,1
NC2020_SSS_Full.xlsb,1,1,1,0,0,1,1,1,1,0,1,1,0,1,0,0,0,0,0,1,0,0,1,1,0,1,0,1,0,1,1,0,0,0,0,0,0,1,0,1,1,0,0,0,0,1,1,1,0,0,0,1,0,1
NC2021_SSS_Partial.xlsb,1,1,1,0,0,1,1,1,1,0,1,1,0,1,0,0,0,0,0,1,0,0,1,1,0,1,0,1,0,1,1,0,0,0,0,0,0,1,0,1,1,0,0,0,0,1,1,1,0,0,0,1,0,1
NC2022_SSS_Partial.xlsx,1,1,1,0,0,1,1,1,1,0,1,1,0,1,0,0,0,0,0,1,0,0,1,1,0,1,0,1,0,1,1,0,0,0,0,0,0,1,0,1,1,0,0,0,0,1,1,1,0,0,0,1,0,1
NJ2017_SSS_Full.xlsb,1,1,1,0,0,1,1,1,1,0,1,1,0,1,0,0,0,0,0,1,0,0,1,1,0,1,0,1,0,1,1,0,0,0,0,0,0,1,0,1,1,0,0,0,0,1,1,1,0,0,0,1,0,1
NJ2018_SSS_Partial.xlsx,1,0,1,0,1,0,1,1,0,1,1,1,1,0,0,0,0,0,1,0,1,0,0,1,1,0,1,1,1,0,1,0,0,0,0,0,1,0,1,1,0,1,0,1,0,1,1,1,0,0,1,0,0,0
NJ2019_SSS_Partial.xlsb,1,1,1,0,0,1,1,1,1,0,1,1,0,1,0,0,0,0,0,1,0,0,1,1,0,1,0,1,0,1,1,0,0,0,0,0,0,1,0,1,1,0,0,0,0,1,1,1,0,0,0,1,0,1
NJ2020_SSS_Full.xlsb,1,1,1,0,0,1,1,1,1,0,1,1,0,1,0,0,0,0,0,1,0,0,1,1,0,1,0,1,0,1,1,0,0,0,0,0,0,1,0,1,1,0,0,0,0,1,1,1,0,0,0,1,0,1
NJ2021_SSS_Partial.xlsb,1,1,1,0,0,1,1,1,1,0,1,1,0,1,0,0,0,0,0,1,0,0,1,1,0,1,0,1,0,1,1,0,0,0,0,0,0,1,0,1,1,0,0,0,0,1,1,1,0,0,0,1,0,1
NJ2022_SSS_Partial.xlsx,1,1,1,0,0,1,1,1,1,0,1,1,0,1,0,0,0,0,0,1,0,0,1,1,0,1,0,1,0,1,1,0,0,0,0,0,1,0,0,1,1,0,0,0,0,1,1,1,0,0,0,1,0,1
NV2018_SSS_Full.xlsx,1,0,1,0,1,0,1,1,0,1,1,1,1,0,0,0,0,0,1,0,1,0,0,1,1,0,1,1,1,0,1,0,0,0,0,0,1,0,1,1,0,1,0,1,0,1,1,1,0,0,1,0,0,0
NV2019_SSS_Partial.xlsb,1,1,1,0,0,1,1,1,1,0,1,1,0,1,0,0,0,0,0,1,0,0,1,1,0,1,0,1,0,1,1,0,0,0,0,0,0,1,0,1,1,0,0,0,0,1,1,1,0,0,0,1,0,1
NV2020_SSS_Partial.xlsb,1,1,1,0,0,1,1,1,1,0,1,1,0,1,0,0,0,0,0,1,0,0,1,1,0,1,0,1,0,1,1,0,0,0,0,0,0,1,0,1,1,0,0,0,0,1,1,1,0,0,0,1,0,1
NV2021_SSS_Full.xlsb,1,1,1,0,0,1,1,1,1,0,1,1,0,1,0,0,0,0,0,1,0,0,1,1,0,1,0,1,0,1,1,0,0,0,0,0,0,1,0,1,1,0,0,0,0,1,1,1,0,0,0,1,0,1
NV2022_SSS_Partial.xlsx,1,1,1,0,0,1,1,1,1,0,1,1,0,1,0,0,0,0,0,1,0,0,1,1,0,1,0,1,0,1,1,0,0,0,0,0,0,1,0,1,1,0,0,0,0,1,1,1,0,0,0,1,0,1
NY2018_SSS_Full.xlsx,1,0,1,0,1,0,1,1,0,1,1,1,1,0,0,0,0,0,1,0,1,0,0,1,1,0,1,1,1,0,1,0,0,0,0,0,1,0,1,1,0,1,0,1,0,1,1,1,0,0,1,0,0,0
NY2019_SSS_Partial.xlsb,1,1,1,0,0,1,1,1,1,0,1,1,0,1,0,0,0,0,0,1,0,0,1,1,0,1,0,1,0,1,1,0,0,0,0,0,0,1,0,1,1,0,0,0,0,1,1,1,0,0,0,1,0,1
NY2020_SSS_Partial.xlsb,1,1,1,0,0,1,1,1,1,0,1,1,0,1,0,0,0,0,0,1,0,0,1,1,0,1,0,1,0,1,1,0,0,0,0,0,0,1,0,1,1,0,0,0,0,1,1,1,0,0,0,1,0,1
NY2021_SSS_Full.xlsx,1,1,1,0,0,1,1,1,1,0,1,1,0,1,0,0,0,0,0,1,0,0,1,1,0,1,0,1,0,1,1,0,0,0,0,0,0,1,0,1,1,0,0,0,0,1,1,1,0,0,0,1,0,1
NY2022_SSS_Partial.xlsx,1,1,1,0,0,1,1,1,1,0,1,1,0,1,0,0,0,0,0,1,0,0,1,1,0,1,0,1,0,1,1,0,0,0,0,0,1,0,0,1,1,0,0,0,0,1,1,1,0,0,0,1,0,1
NYC2018_SSS_Full.xlsx,1,1,1,0,1,0,1,1,1,0,1,1,0,1,0,0,0,0,1,0,1,0,0,1,1,0,0,1,1,0,1,0,0,0,0,0,0,1,0,1,1,0,0,0,0,1,1,1,0,0,1,0,0,1
NYC2021_SSS_Full.xlsx,1,1,1,0,0,1,1,1,1,0,1,1,0,1,0,0,0,0,0,1,0,0,1,1,0,1,0,1,0,1,1,0,0,0,0,0,0,1,0,1,1,0,0,0,0,1,1,1,0,0,0,1,0,1
OH2018_SSS_Partial.xlsx,1,0,1,0,1,0,1,1,0,1,1,1,1,0,0,0,0,0,1,0,1,0,0,1,1,0,1,1,1,0,1,0,0,0,0,0,1,0,1,1,0,1,0,1,0,1,1,1,0,0,1,0,0,0
OH2019_SSS_Full.xlsb,1,1,1,0,0,1,1,1,1,0,1,1,0,1,0,0,0,0,0,1,0,0,1,1,0,1,0,1,0,1,1,0,0,0,0,0,1,0,0,1,1,0,0,0,0,1,1,1,0,0,0,1,0,1
OH2020_SSS_Partial.xlsb,1,1,1,0,0,1,1,1,1,0,1,1,0,1,0,0,0,0,0,1,0,0,1,1,0,1,0,1,0,1,1,0,0,0,0,0,0,1,0,1,1,0,0,0,0,1,1,1,0,0,0,1,0,1
OH2021_SSS_Partial.xlsb,1,1,1,0,0,1,1,1,1,0,1,1,0,1,0,0,0,0,0,1,0,0,1,1,0,1,0,1,0,1,1,0,0,0,0,0,0,1,0,1,1,0,0,0,0,1,1,1,0,0,0,1,0,1
OH2022_SSS_Full.xlsx,1,1,1,1,0,1,1,1,1,0,1,1,0,1,0,0,0,0,0,1,0,0,1,1,0,1,0,1,0,1,1,0,1,0,0,0,1,0,0,1,1,0,0,0,0,1,1,1,0,0,0,1,0,1
OR2017_SSS_Full.xlsb,1,1,1,0,0,1,1,1,1,0,1,1,0,1,0,0,0,0,0,1,0,0,1,1,0,1,0,1,0,1,1,0,0,0,0,0,0,1,0,1,1,0,0,0,0,1,1,1,0,0,0,1,1,1
OR2018_SSS_Partial.xlsx,1,0,1,0,1,0,1,1,0,1,1,1,1,0,0,0,0,0,1,0,1,0,0,1,1,0,1,1,1,0,1,0,0,0,0,0,1,0,1,1,0,1,0,1,0,1,1,1,0,0,1,0,0,0
OR2019_SSS_Partial.xlsb,1,1,1,0,0,1,1,1,1,0,1,1,0,1,0,0,0,0,0,1,0,0,1,1,0,1,0,1,0,1,1,0,0,0,0,0,0,1,0,1,1,0,0,0,0,1,1,1,0,0,0,1,0,1
OR2020_SSS_Full.xlsb,1,1,1,0,0,1,1,1,1,0,1,1,0,1,0,0,0,0,0,1,0,0,1,1,0,1,0,1,0,1,1,0,0,0,0,0,1,0,0,1,1,0,0,0,0,1,1,1,0,0,0,1,0,1
OR2021_SSS_ARPA_Partial.xlsx,1,1,1,0,0,1,0,0,1,0,0,1,0,1,1,1,1,1,0,1,0,1,0,1,0,1,0,1,0,1,1,1,0,1,1,1,0,1,0,1,1,0,1,0,1,1,1,1,1,0,0,1,0,1
OR2021_SSS_Partial.xlsx,1,1,1,0,0,1,1,1,1,0,1,1,0,1,0,0,0,0,0,1,0,0,1,1,0,1,0,1,0,1,1,0,0,0,0,0,0,1,0,1,1,0,0,0,0,1,1,1,0,0,0,1,0,1
OR2022_SSS_Partial.xlsx,1,1,1,0,0,1,1,1,1,0,1,1,0,1,0,0,0,0,0,1,0,0,1,1,0,1,0,1,0,1,1,0,0,0,0,0,1,0,0,1,1,0,0,0,0,1,1,1,0,0,0,1,0,1
PA2018_SSS_Full.xlsx,1,0,1,0,1,0,1,1,0,1,1,1,1,0,0,0,0,0,1,0,1,0,0,1,1,0,1,1,1,0,1,0,0,0,0,0,1,0,1,1,0,1,0,1,0,1,1,1,0,0,1,0,0,0
PA2019_SSS_Partial.xlsb,1,1,1,0,0,1,1,1,1,0,1,1,0,1,0,0,0,0,0,1,0,0,1,1,0,1,0,1,0,1,1,0,0,0,0,0,0,1,0,1,1,0,0,0,0,1,1,1,0,0,0,1,0,1
PA2020_SSS_Partial.xlsb,1,1,1,0,0,1,1,1,1,0,1,1,0,1,0,0,0,0,0,1,0,0,1,1,0,1,0,1,0,1,1,0,0,0,0,0,0,1,0,1,1,0,0,0,0,1,1,1,0,0,0,1,0,1
PA2021_SSS_Full.xlsb,1,1,1,0,0,1,1,1,1,0,1,1,0,1,0,0,0,0,0,1,0,0,1,1,0,1,0,1,0,1,1,0,0,0,0,0,0,1,0,1,1,0,0,0,0,1,1,1,0,0,0,1,0,1
PA2022_SSS_Partial.xlsx,1,1,1,0,0,1,1,1,1,0,1,1,0,1,0,0,0,0,0,1,0,0,1,1,0,1,0,1,0,1,1,0,0,0,0,0,1,0,0,1,1,0,0,0,0,1,1,1,0,0,0,1,0,1
SC2020_SSS_Full.xlsb,1,1,1,0,0,1,1,1,1,0,1,1,0,1,0,0,0,0,0,1,0,0,1,1,0,1,0,1,0,1,1,0,0,0,0,0,1,0,0,1,1,0,0,0,0,1,1,1,0,0,0,1,0,1
TN2018_SSS_Full.xlsx,1,0,1,0,1,0,1,1,0,1,1,1,1,0,0,0,0,0,1,0,1,0,0,1,1,0,1,1,1,0,1,0,0,0,0,0,1,0,1,1,0,1,0,1,0,1,1,1,0,0,1,0,0,0
TN2019_SSS_Partial.xlsb,1,1,1,0,0,1,1,1,1,0,1,1,0,1,0,0,0,0,0,1,0,0,1,1,0,1,0,1,0,1,1,0,0,0,0,0,0,1,0,1,1,0,0,0,0,1,1,1,0,0,0,1,0,1
TN2020_SSS_Partial.xlsb,1,1,1,0,0,1,1,1,1,0,1,1,0,1,0,0,0,0,0,1,0,0,1,1,0,1,0,1,0,1,1,0,0,0,0,0,0,1,0,1,1,0,0,0,0,1,1,1,0,0,0,1,0,1
TN2021_SSS_Full.xlsx,1,1,1,0,0,1,1,1,1,0,1,1,0,1,0,0,0,0,0,1,0,0,1,1,0,1,0,1,0,1,1,0,0,0,0,0,0,1,0,1,1,0,0,0,0,1,1,1,0,0,0,1,0,1
TN2022_SSS_Partial.xlsx,1,1,1,0,0,1,1,1,1,0,1,1,0,1,0,0,0,0,0,1,0,0,1,1,0,1,0,1,0,1,1,0,0,0,0,0,1,0,0,1,1,0,0,0,0,1,1,1,0,0,0,1,0,1
TX2018_SSS_Full.xlsx,1,0,1,0,1,0,1,1,0,1,1,1,1,0,0,0,0,0,1,0,1,0,0,1,1,0,1,1,1,0,1,0,0,0,0,0,1,0,1,1,0,1,0,1,0,1,1,1,0,0,1,0,0,0
TX2019_SSS_Partial.xlsb,1,1,1,0,0,1,1,1,1,0,1,1,0,1,0,0,0,0,0,1,0,0,1,1,0,1,0,1,0,1,1,0,0,0,0,0,0,1,0,1,1,0,0,0,0,1,1,1,0,0,0,1,0,1
TX2020_SSS_Partial.xlsb,1,1,1,0,0,1,1,1,1,0,1,1,0,1,0,0,0,0,0,1,0,0,1,1,0,1,0,1,0,1,1,0,0,0,0,0,0,1,0,1,1,0,0,0,0,1,1,1,0,0,0,1,0,1
TX2021_SSS_Full.xlsb,1,1,1,0,0,1,1,1,1,0,1,1,0,1,0,0,0,0,0,1,0,0,1,1,0,1,0,1,0,1,1,0,0,0,0,0,0,1,0,1,1,0,0,0,0,1,1,1,0,0,0,1,0,1
TX2022_SSS_Partial.xlsx,1,1,1,0,0,1,1,1,1,0,1,1,0,1,0,0,0,0,0,1,0,0,1,1,0,1,0,1,0,1,1,0,0,0,0,0,1,0,0,1,1,0,0,0,0,1,1,1,0,0,0,1,0,1
UT2018_SSS_Full.xlsx,1,1,1,0,0,1,1,1,1,0,1,1,0,1,0,0,0,0,0,1,0,0,1,1,0,1,0,1,0,1,1,0,0,0,0,0,1,0,0,1,1,0,0,0,0,1,1,1,0,0,0,1,0,1
UT2019_SSS_Partial.xlsb,1,1,1,0,0,1,1,1,1,0,1,1,0,1,0,0,0,0,0,1,0,0,1,1,0,1,0,1,0,1,1,0,0,0,0,0,0,1,0,1,1,0,0,0,0,1,1,1,0,0,0,1,0,1
UT2020_SSS_Partial.xlsb,1,1,1,0,0,1,1,1,1,0,1,1,0,1,0,0,0,0,0,1,0,0,1,1,0,1,0,1,0,1,1,0,0,0,0,0,0,1,0,1,1,0,0,0,0,1,1,1,0,0,0,1,0,1
UT2021_SSS_Full.xlsx,1,1,1,0,0,1,1,1,1,0,1,1,0,1,0,0,0,0,0,1,0,0,1,1,0,1,0,1,0,1,1,0,0,0,0,0,0,1,0,1,1,0,0,0,0,1,1,1,0,0,0,1,0,1
UT2022_SSS_Partial.xlsx,1,1,1,0,0,1,1,1,1,0,1,1,0,1,0,0,0,0,0,1,0,0,1,1,0,1,0,1,0,1,1,0,0,0,0,0,1,0,0,1,1,0,0,0,0,1,1,1,0,0,0,1,0,1
VA2018_SSS_Full.xlsx,1,0,1,0,1,0,1,1,0,1,1,1,1,0,0,0,0,0,1,0,1,0,0,1,1,0,1,1,1,0,1,0,0,0,0,0,1,0,0,1,0,1,0,1,0,1,1,1,0,0,1,0,0,1
VA2019_SSS_Partial.xlsb,1,1,1,0,0,1,1,1,1,0,1,1,0,1,0,0,0,0,0,1,0,0,1,1,0,1,0,1,0,1,1,0,0,0,0,0,0,1,0,1,1,0,0,0,0,1,1,1,0,0,0,1,0,1
VA2020_SSS_Partial.xlsb,1,1,1,0,0,1,1,1,1,0,1,1,0,1,0,0,0,0,0,1,0,0,1,1,0,1,0,1,0,1,1,0,0,0,0,0,0,1,0,1,1,0,0,0,0,1,1,1,0,0,0,1,0,1
VA2021_SSS_Full.xlsx,1,1,1,0,0,1,1,1,1,0,1,1,0,1,0,0,0,0,0,1,0,0,1,1,0,1,0,1,0,1,1,0,0,0,0,0,0,1,0,1,1,0,0,0,0,1,1,1,0,0,0,1,0,1
VA2022_SSS_Partial.xlsx,1,1,1,0,0,1,1,1,1,0,1,1,0,1,0,0,0,0,0,1,0,0,1,1,0,1,0,1,0,1,1,0,0,0,0,0,1,0,0,1,1,0,0,0,0,1,1,1,0,0,0,1,0,1
WA2017_SSS_Full.xlsb,1,1,1,0,0,1,1,1,1,0,1,1,0,1,0,0,0,0,0,1,0,0,1,1,0,1,0,1,0,1,1,0,0,0,0,0,0,1,0,1,1,0,0,0,0,1,1,1,0,0,0,1,0,1
WA2018_SSS_Partial.xlsx,1,0,1,0,1,0,1,1,0,1,1,1,1,0,0,0,0,0,1,0,1,0,0,1,1,0,1,1,1,0,1,0,0,0,0,0,1,0,1,1,0,1,0,1,0,1,1,1,0,0,1,0,0,1
WA2019_SSS_Partial.xlsb,1,1,1,0,0,1,1,1,1,0,1,1,0,1,0,0,0,0,0,1,0,0,1,1,0,1,0,1,0,1,1,0,0,0,0,0,0,1,0,1,1,0,0,0,0,1,1,1,0,0,0,1,0,1
WA2020_SSS_Full.xlsx,1,1,1,0,0,1,1,1,1,0,1,1,0,1,0,0,0,0,0,1,0,0,1,1,0,1,0,1,0,1,1,0,0,0,0,0,0,1,0,1,1,0,0,0,0,1,1,1,0,0,0,1,0,1
WA2021_SSS_Partial.xlsb,1,1,1,0,0,1,1,1,1,0,1,1,0,1,0,0,0,0,0,1,0,0,1,1,0,1,0,1,0,1,1,0,0,0,0,0,0,1,0,1,1,0,0,0,0,1,1,1,0,0,0,1,0,1
WA2022_SSS_Partial.xlsx,1,1,1,0,0,1,1,1,1,0,1,1,0,1,0,0,0,0,0,1,0,0,1,1,0,1,0,1,0,1,1,0,0,0,0,0,1,0,0,1,1,0,0,0,0,1,1,1,0,0,0,1,0,1
WI2018_SSS_Partial.xlsx,1,0,1,0,1,0,1,1,0,1,1,1,1,0,0,0,0,0,1,0,1,0,0,1,1,0,1,1,1,0,1,0,0,0,0,0,1,0,1,1,0,1,0,1,0,1,1,1,0,0,1,0,0,0
WI2019_SSS_Full.xlsb,1,1,1,0,0,1,1,1,1,0,1,1,0,1,0,0,0,0,0,1,0,0,1,1,0,1,0,1,0,1,1,0,0,0,0,0,1,0,0,1,1,0,0,0,0,1,1,1,0,0,0,1,0,1
WI2020_SSS_Partial.xlsb,1,1,1,0,0,1,1,1,1,0,1,1,0,1,0,0,0,0,0,1,0,0,1,1,0,1,0,1,0,1,1,0,0,0,0,0,0,1,0,1,1,0,0,0,0,1,1,1,0,0,0,1,0,1
WI2021_SSS_Partial.xlsb,1,1,1,0,0,1,1,1,1,0,1,1,0,1,0,0,0,0,0,1,0,0,1,1,0,1,0,1,0,1,1,0,0,0,0,0,0,1,0,1,1,0,0,0,0,1,1,1,0,0,0,1,0,1
WI2022_SSS_Full.xlsx,1,1,1,1,0,1,1,1,1,0,1,1,0,1,0,0,0,0,0,1,0,0,1,1,0,1,0,1,0,1,1,0,1,0,0,0,1,0,0,1,1,0,0,0,0,1,1,1,0,0,0,1,0,1
WY2020_SSS_Full.xlsb,1,1,1,0,0,1,1,1,1,0,1,1,0,1,0,0,0,0,0,1,0,0,1,1,0,1,0,1,0,1,1,0,0,0,0,0,1,0,0,1,1,0,0,0,0,1,1,1,0,0,0,1,0,1
Total,147,125,147,9,23,124,146,146,124,22,146,147,22,125,1,1,1,1,23,124,23,1,123,147,23,124,22,147,23,124,147,1,9,1,1,1,62,85,21,147,125,22,1,22,1,147,147,147,1,1,23,124,1,127
